tweets,time
Meu sonho ter um NuDog porem mt liso,2021-09-03 12:47:25
Afe eu quero um nudog,2021-09-03 12:51:04
Nudog hahaha que fofinho.,2021-09-03 12:54:49
achei mega fofa a ideia do nudog,2021-09-03 13:11:40
"E a Nubank que fez um NuDog? Ahahahha sim, fui uma das pessoas que teve o roxinho destruído pelo meu dog amado.",2021-09-03 13:38:57
Eu ainda não acredito que isso não é pegadinha de primeiro de Abril: https://t.co/yNoW984vQx,2021-09-03 13:40:28
que porra é essa de nudog? controlem seus cachorros,2021-09-03 13:57:23
Fui ver quanto tava o nudog pra comprar pro bidu. 50 pau kkkkkkkk faz favor,2021-09-03 15:15:22
"Chegou o nudog do Caco, Nubank vocês são demais! https://t.co/o8E9sBhwPv",2021-09-03 15:59:37
"nubank pelo amor de deus eu não quero email pra saber do nudog, eu quero email aumentando meu limite pra ter limite pra comprar as coisas pro meu gato

é difícil????",2021-09-03 16:10:04
Nudog 50 conto em um brinquedo pro seu cachorro destruir em uma hora,2021-09-03 16:42:52
Tô aceitando um Nudog de presente.,2021-09-03 17:35:37
"Que cacete nudog maluco, todo dia isso",2021-09-03 17:46:54
"eu tava pensando em comprar um Nudog pro zeus, e aquela réplica do cartão pro cachorro brincar e morder",2021-09-03 18:07:31
o nudog custa 50$ fucking dinheiros kkkkkkkkkkkkkk será que compensa?,2021-09-03 18:07:33
"Para quem conhece, a #DonnaMotta merece um #nudog??? 💜 https://t.co/PxBF2kyKNC",2021-09-03 23:02:11
"Queria compra um Nudog pra Moana, mas 50 conto não dou não 😩😩",2021-09-04 01:36:01
atualização do Nudog: ótimo investimento. https://t.co/IgDoj1GEbj,2021-09-04 16:57:12
Tive que comprar outro Nudog pq estava uma briga aqui em casa por causa disso.,2021-09-04 22:05:51
e se eu comprar um nudog,2021-09-06 13:41:22
Pronto! Agora é cada um com o seu roxinho! 💜💳 #NuDog #Nubank https://t.co/91KaZILrg2,2021-09-08 12:53:17
"A história evoluiu tanto que a empresa lançou o NuDog, o brinquedo para cachorros em formato de cartão. https://t.co/jvId2gtxxu",2021-09-10 21:10:01
"A história evoluiu tanto que a empresa lançou o NuDog, o brinquedo para cachorros em formato de cartão. https://t.co/jvId2gtxxu",2021-09-10 21:10:01
Bono e seu Nudog. Felizão da porra. #nudog #nubank #caramelo https://t.co/SjN1hFx1TR,2021-09-11 20:51:01
"a nubank mandou email dando desconto de um tal de nudog, ai eu já fui pensando ok vamos ver esse hotdog.. quando abro eh um negócio pro cachorro morder aff https://t.co/tjkDako8Qe",2021-09-16 20:30:22
Nudog é o que? Um cachorro robô que ataca quem demora um dia pra pagar a fatura?,2021-09-16 21:37:05
será que só eu não consegui usar o cupom desconto do nubank para comprar o nudog? eu aplico o cupom e o desconto não vem 🥲,2021-09-17 15:24:44
que caralho de nudog o que para de mandar essa porra,2021-09-17 17:44:53
Nubank me mandou um cupom de desconto pra comprar um Nudog que na prática não funciona pois depois de inserido não alterou 1 centavo do valor... estou triste mas não estou trouxa de finalizar a compra só porquê já estava lá https://t.co/9v3PevQGh1,2021-09-19 12:33:45
quase comprei um nudog.. ai lembrei q ja dou muito dinheiro para esta instituição,2021-09-20 01:56:32
Apenas espero que esse Nudog dure ao menos uma semana na mão da vida maria e do nico,2021-09-20 14:23:49
"No Episódio #4 do Ziggy Diário, seu podcast sobre Marketing e Tecnologia, você vai entender o arrependimento do Onlyfans - que voltou a autorizar nudes em sua plataforma, além das novidades do Nudog: cartão de crédito para cachorros do Nubank.",2021-09-21 20:04:26
"No Episódio #4 do Ziggy Diário, seu podcast sobre Marketing e Tecnologia, você vai entender o arrependimento do Onlyfans - que voltou a autorizar nudes em sua plataforma, além das novidades do Nudog: cartão de crédito para cachorros do Nubank.",2021-09-21 20:04:26
"Eu muito cadelinha do Nubank acabei de comprar um Nudog, é sobre isso 🙏🏼",2021-09-22 12:26:53
"Eu muito cadelinha do Nubank acabei de comprar um Nudog, é sobre isso 🙏🏼",2021-09-22 12:26:53
só uma curiosidade… tem gente que compra o Nudog mesmo?,2021-09-22 12:26:55
Comprei um nudog pro Teo,2021-09-22 12:42:30
Nudog é meu nuegg,2021-09-22 12:43:05
"Queria comprar um Nudog pro Marofa. Mas eu sei que não preciso disso e nem ele, alem de eu precisar msm, economizar",2021-09-22 12:46:43
"Petlove e Nubank, matei a charada 
Petlove vai vender o nudog nas lojas físicas https://t.co/h7k4ILk1Ov",2021-09-22 13:07:49
"[nubank] Cupom De R$10,00 Na Compra Do Nudog por R$ 39,90 https://t.co/DF9zoGQhIK",2021-09-22 13:10:24
nudog é coisa de cão burguês,2021-09-22 13:35:22
A NuBank deve achar que eu sou imbecil pra comprar cabrunco de NuDog,2021-09-22 16:43:30
"nubank parceira, enfia o nudog no teu cu",2021-09-22 16:45:28
"A Donna Motta e o Nubank estão de sacanagem comigo, hoje “eu” ganhei um desconto para comprar o #nudog

Pior que botei a compra no nome dela e depois desfiz, seria a primeira correspondência dela, mas eu me atrapalhei 😢

Ela não sabe ler, vou mentir 🤣",2021-09-23 01:57:14
"não nubank, eu não quero um nudog",2021-09-23 14:50:56
"não nubank, eu não quero um nudog",2021-09-23 14:50:56
Eu nn vou comprar um nudog pra minha cachorra nn né?,2021-09-23 18:12:39
Peça o seu Nudog https://t.co/7zLbZX7BKa,2021-09-23 18:26:35
"nudog, girafa e seresto nova pra estrella, ossão e coleira nova pra amorinha 🥰",2021-09-28 00:27:22
