tweets,time
ser mãe de pet é mt dificil meu vizinho acabou de me ligar avisando que minha gata fugiu agr imagina o meu desespero nao tenho nem como voltar p casa,2021-09-28 14:52:48
"Cachorro caramelo com branco, Barley: Gente , bom dia... Nosso filhote fugiu hoje... Perto do extra no bairro Jardim campomar, quem tiver QQ informação por favor entre em contato conosco... Tenho certeza que com a ajuda de todos encontraremos nosso… https://t.co/vHdkuF4TIP https://t.co/01WoRjnzw1",2021-09-28 19:01:03
"Talarico, o pet do meu filho, fugiu de casa de novo, mas encontrei no meio do caminho, indo pra casa dele 😎 Bora, seu sapeca. Partiu casa, e banho😉🐾 https://t.co/U8c5iFJ2WA",2021-09-30 00:20:55
nao o pai do mlk é muito fdp fugiu com o dinheiro dele e ainda matou o pet dele,2021-09-30 03:23:53
os casa do md chefe pegando o pet que fugiu https://t.co/QwgFS9EgQB,2021-09-30 23:37:21
Duquesa tomou banho no pet ontem ficou o trem mais lindo e cheiroso do mundo hoje fugiu foi pro mato voltou cheia de terra e carrapicho. Cada dia mais desistindo da vida de ser pai de pet,2021-10-01 03:40:08
Tino por favor pública o sumiço da minha cadelinha q fugiu do pet shop quando chegou paractonar banho em Guadalupe no Rio de Janeiro na rua Francisco bacuri  #BalançoGeralRJ https://t.co/F9gCI7zRWv,2021-10-01 14:54:41
tô chocada com o tanto de pet que sumiu/fugiu essa semana.,2021-10-01 16:16:22
"Meu primeiro pet foi um passarinho/ fugiu
Segundo uma gata/ sumiu 
Terceiro um gato filhote que me seguiu na rua e eu levei pra casa/ comeu a comida e fugiu 
Agora raika",2021-10-02 04:26:40
Cadela que fugiu de casa por barulhos de fogos de artifício é salva por canoístas - https://t.co/Vc1lYcBEBk,2021-10-02 17:04:37
"O nome dele é Lucke desapareceu hoje durante a tarde no Sertão do Tronbudo em Itapema SC  , ele estava hospedado no Parque hotel pet vida animal e fugiu pra rua  . Se alguém souber por favor avise no wats 48 98412 0639 , a família está desesperada. https://t.co/dqgdAhiaJc",2021-10-04 01:31:35
Cadela que fugiu de casa por barulhos de fogos de artifício é salva por canoístas - https://t.co/lm5Bo900qI,2021-10-04 21:52:49
Seu pet já fugiu alguma vez? 🐶😽👀🙏🏼 Como foi? Conta pra gente! https://t.co/dwpTqvnHk7,2021-10-04 23:24:11
O cara fugiu pro Qatar pra poder adotar mulher igual pet https://t.co/4e5MlLZSBc,2021-10-07 00:20:30
"Dois homens, de 30 e 32 anos, foram vítimas de roubo, ontem à tarde, na Rua Luiz Fávero, no Bom Jardim. Eles são donos de um pet shop e estavam no local, quando um homem anunciou o roubo e levou dois celulares e R$270 mangos. O ladrão fugiu à pé e não foi localizado.",2021-10-07 14:06:58
"meu deus que absurdo isso aqui tem pet morto pet que fugiu pet vomitado

pelo amor de deus denunciem essa empresa https://t.co/KDFI6SUYuQ",2021-10-08 15:02:30
Olá por favor postem a foto da minha cadelinha q fugiu do pet shop quando chegou pra Tomar banho na rua Francisco bacuri Em Guadalupe no Rio de Janeiro #BalançoGeralRJ https://t.co/Qw4eYKbzPq,2021-10-08 15:28:33
Meu pet fugiu de casa,2021-10-08 20:56:24
gastei 100 pila no pet shop pra resgatar a gata ela fugiu 🤡,2021-10-09 22:15:45
DRACO fugiu dnv e alguém que viu ele de coleira deixou ele na pet da estalagem e avisaram o Lucas . Nunca critiquei meu bairro ♥️,2021-10-10 04:23:44
Rodrigo saiu com a Olivia para andar na ciclovia. A Olivia fugiu pra praia. O Rodrigo n conseguiu pegar ela. Ajudaram. Ele levou multa pq nao pode cachorro solto. Ele levou xingo pq quase perdeu a Olivia. Dei banho na desgraça pq nenhum pet quis atender. Quem ela ama? Odeio ela!,2021-10-12 17:02:10
"ruby se soltou, fugiu d casa e tive que passar 20 minutos correndo atrás dela e gritando igual uma doida, essa vida de mãe de pet é humilhação atrás de humilhação",2021-10-14 00:08:26
"Fui inventar de dar banho no gato em casa, o gato não fugiu cara, pq eu não levei no pet shopping.😩😩🤡",2021-10-14 17:10:22
todos fazendo essa corrente de postar foto do pet no instagram só pra me provocar pq sabem que meu gato fugiu https://t.co/Wn7oVnCiJc,2021-10-14 23:27:37
Gostava de postar uma foto do meu pet mas ele fugiu 😪,2021-10-15 11:37:04
"Matheus indignado que no condomínio os vizinhos sempre deixam os gatos escapar e tá aqui brabo A GENTE TEM TRÊS GATOS E NENHUM NUNCA FUGIU, NGM CUIDA DOS GATOS? DEPOIS OS GATO MORREM E FICAM CHORANDO

pai de pet d+ 🤝",2021-10-15 12:24:50
"Cachorro fugiu do pet shop bem na hora q eu tava passando, ele conseguiu subir aquele murrudo e andar a rua dos passos toda mais rápido doq eu e Matheus na xre",2021-10-15 20:48:51
"eu moro no térreo, não sei se ele entrou pela janela mesmo ou por algum ralo, e muito menos por onde fugiu se é que fugiu

não quero lidar, não sei lidar, não posso lidar 😣

eu acho que vou simplesmente ignorar

qualquer coisa tenho um novo pet",2021-10-16 14:11:30
"O Dom fugiu ontem tá cheio de barro, e não tem horário no Pet 🤦🏼‍♂️",2021-10-16 14:35:18
"Jhully é uma fdp, ela simplesmente fugiu do espaço pet e ficou correndo atrás das pessoas e eu correndo atrás dela",2021-10-16 21:06:47
sonhei q a suzane v0n rithkxldkf matou minhas amigas e tentou me matar mas ela fugiu e virou uma garrafa pet ????????,2021-10-17 15:11:56
"A jhuli fugiu e tava passeando pelo telhado do Jean 
Quase a mãe de pet morre 😭",2021-10-19 23:59:59
"Fui atender aqui no pet ai…

Cliente: Tu fugiu da escola? Que conta é essa? 

Eu: Fugi, porque tu que era o professor",2021-10-20 17:32:13
"atualização dessa tour, ela fugiu pela grade do portão, encontrei ela 18h de boa no Nelsinho (mt minha filha mesmo) kk levei pra casa do meu amigo pra hj levar em pet tomar um banho, ELA FUGIU DE NOVO https://t.co/gLITHeESOy",2021-10-22 11:25:49
Jojo fugiu do pet na hora ave Maria,2021-10-22 11:39:05
"Hoje o dia foi agitado
Mandei uma mensagem no grupo da faculdade 
E simplesmente a moça que mr aplicou a vacina me reconheceu, me chamou no privado e é minha colega 😂
Levei meu cachorro a pe na pet
Pela primeira vez
Ele mordeu a funcionária, fugiu da coleira e mijou no chão  😢",2021-10-22 22:54:13
"Ah, esse novo Pet Sematary fugiu da história 😢",2021-10-23 03:14:59
